2024,Celtics
2024,Heat
2024,Cavaliers
2024,Magic
2024,Pacers
2024,Bucks
2024,Knicks
2024,76ers
2024,Thunder
2024,Pelicans
2024,Mavericks
2024,Clippers
2024,Timberwolves
2024,Suns
2024,Nuggets
2024,Lakers
2023,Heat
2023,Bucks
2023,Knicks
2023,Cavaliers
2023,76ers
2023,Nets
2023,Celtics
2023,Hawks
2023,Nuggets
2023,Timberwolves
2023,Suns
2023,Clippers
2023,Warriors
2023,Kings
2023,Lakers
2023,Grizzlies
2022,Bucks
2022,Bulls
2022,Grizzlies
2022,Timberwolves
2022,Celtics
2022,Nets
2022,Warriors
2022,Nuggets
2022,Mavericks
2022,Jazz
2022,76ers
2022,Raptors
2022,Suns
2022,Pelicans
2022,Heat
2022,Hawks
2021,Bucks
2021,Heat
2021,Clippers
2021,Mavericks
2021,Nets
2021,Celtics
2021,Nuggets
2021,Blazers
2021,76ers
2021,Wizards
2021,Jazz
2021,Grizzlies
2021,Hawks
2021,Knicks
2021,Suns
2021,Lakers
2020,Bucks
2020,Magic
2020,Raptors
2020,Nets
2020,Celtics
2020,76ers
2020,Heat
2020,Pacers
2020,Lakers
2020,Blazers
2020,Clippers
2020,Mavericks
2020,Nuggets
2020,Jazz
2020,Rockets
2020,Thunder
2019,Bucks
2019,Pistons
2019,Raptors
2019,Magic
2019,76ers
2019,Nets
2019,Celtics
2019,Pacers
2019,Warriors
2019,Clippers
2019,Nuggets
2019,Spurs
2019,Blazers
2019,Thunder
2019,Rockets
2019,Jazz
2018,Raptors
2018,Wizards
2018,Celtics
2018,Bucks
2018,76ers
2018,Heat
2018,Cavaliers
2018,Pacers
2018,Rockets
2018,Timberwolves
2018,Warriors
2018,Spurs
2018,Pelicans
2018,Blazers
2018,Jazz
2018,Thunder
2017,Celtics
2017,Bulls
2017,Cavaliers
2017,Pacers
2017,Raptors
2017,Bucks
2017,Wizards
2017,Hawks
2017,Warriors
2017,Blazers
2017,Spurs
2017,Grizzlies
2017,Rockets
2017,Thunder
2017,Jazz
2017,Clippers
2016,Cavaliers
2016,Pistons
2016,Raptors
2016,Pacers
2016,Heat
2016,Hornets
2016,Hawks
2016,Celtics
2016,Warriors
2016,Rockets
2016,Spurs
2016,Grizzlies
2016,Thunder
2016,Mavericks
2016,Blazers
2016,Clippers
2015,Hawks
2015,Nets
2015,Cavaliers
2015,Celtics
2015,Bulls
2015,Bucks
2015,Wizards
2015,Raptors
2015,Warriors
2015,Pelicans
2015,Rockets
2015,Mavericks
2015,Clippers
2015,Spurs
2015,Grizzlies
2015,Blazers
